p,d,q,P,D,Q,s,AIC,BIC,converged
5,0,6,1,1,1,24,32158.343337186998,32277.78575976543,True
2,0,6,1,1,1,24,32160.19173190788,32261.717791099545,True
6,0,0,1,1,1,24,32168.321627331738,32257.908617571356,True
0,0,6,1,1,1,24,32169.276788639545,32258.85860557337,True
1,0,5,1,1,1,24,32169.307206107274,32258.894196346893,True
2,0,5,1,1,1,24,32170.39531456485,32265.95477082044,True
6,0,1,1,1,1,24,32171.483605215755,32267.043061471348,True
3,0,5,1,1,1,24,32171.59938544606,32273.131307717627,True
5,0,4,1,1,1,24,32172.895380193364,32280.40597430755,True
1,1,6,1,1,1,24,32173.45722231613,32269.00564028222,True
4,0,4,1,1,1,24,32174.606791410402,32276.144574740465,True
5,0,5,1,1,1,24,32175.47568025672,32288.952534560238,True
4,0,5,1,1,1,24,32175.60008341872,32283.104471706265,True
5,0,3,1,1,1,24,32177.830818880793,32279.368602210856,True
3,0,6,1,1,1,24,32178.032520063753,32285.53070038434,True
1,0,6,1,1,1,24,32180.826322617737,32276.380260680482,True
5,0,1,1,1,1,24,32181.84218603398,32271.434347795803,True
1,0,4,1,1,1,24,32182.20766729799,32265.82701827569,True
2,0,4,1,1,1,24,32182.396082443483,32271.988244205306,True
5,0,0,1,1,1,24,32183.064229693977,32266.683580671677,True
6,0,6,1,1,1,24,32183.665745054546,32309.0802887619,True
0,0,5,1,1,1,24,32188.294449441815,32271.90897366546,True
5,0,2,1,1,1,24,32192.405437587684,32287.970410133625,True
4,0,0,1,1,1,24,32195.74625176722,32273.397272401995,True
1,0,3,1,1,1,24,32195.81674491904,32273.467765553814,True
3,0,3,1,1,1,24,32195.92775239845,32285.525083900113,True
2,0,3,1,1,1,24,32196.32413035581,32279.948306424027,True
4,0,6,1,1,1,24,32196.37244601726,32309.84274746677,True
3,0,4,1,1,1,24,32197.052156262882,32292.617128808823,True
4,0,1,1,1,1,24,32197.388970754662,32281.01314682288,True
6,0,5,1,1,1,24,32202.990040421726,32322.439360741217,True
3,0,1,1,1,1,24,32204.240402215153,32281.895901747474,True
6,0,4,1,1,1,24,32204.72136597171,32318.198220275226,True
3,0,2,1,1,1,24,32206.269616489168,32289.898615985512,True
3,0,0,1,1,1,24,32206.27712340957,32277.959122977867,True
1,0,2,1,1,1,24,32208.055171263353,32279.73717083165,True
2,0,2,1,1,1,24,32208.431026890205,32286.086526422525,True
0,1,5,1,1,1,24,32212.904355865518,32296.51405167042,True
2,0,0,1,1,1,24,32217.028079998236,32282.740368133625,True
2,1,1,1,1,1,24,32217.926813153004,32289.6088127213,True
3,1,1,1,1,1,24,32218.28329122389,32295.934311858662,True
2,0,1,1,1,1,24,32219.154515051872,32290.840647563207,True
0,0,4,1,1,1,24,32222.985783351494,32300.632323545073,True
1,0,1,1,1,1,24,32239.058335496076,32304.770623631466,True
6,1,6,1,1,1,24,32246.365592239206,32371.7728908197,True
4,0,2,1,1,1,24,32252.94475883225,32342.542090333915,True
0,1,4,1,1,1,24,32254.105728915114,32331.747787122782,True
0,0,3,1,1,1,24,32265.774080077288,32337.45194527862,True
1,1,3,1,1,1,24,32274.21450174902,32351.861041942597,True
2,1,3,1,1,1,24,32287.43298484375,32371.05233582145,True
6,1,1,1,1,1,24,32310.887617622488,32406.441555685233,True
3,1,4,1,1,1,24,32318.20863557179,32413.768091827384,True
0,1,3,1,1,1,24,32319.06164224838,32390.735371657836,True
3,1,2,1,1,1,24,32320.518151486074,32404.14232755429,True
4,1,1,1,1,1,24,32330.657270538817,32414.276621516517,True
5,1,5,1,1,1,24,32343.94410717134,32457.41440862085,True
0,0,2,1,1,1,24,32363.061592468504,32428.770092072777,True
5,1,6,1,1,1,24,32370.022015244605,32489.45753770222,True
1,1,1,1,1,1,24,32379.55805557923,32445.2665551835,True
6,0,2,1,1,1,24,32384.721929732903,32486.25385200447,True
1,0,0,1,1,1,24,32387.10510535808,32446.84699205094,True
1,1,5,1,1,1,24,32389.68313897012,32479.264955903942,True
6,1,0,1,1,1,24,32395.042132003313,32484.623948937136,True
0,1,6,1,1,1,24,32398.13381374273,32487.71045558594,True
4,1,5,1,1,1,24,32401.178226556873,32508.67640687746,True
3,1,6,1,1,1,24,32414.53412950167,32522.02609971352,True
5,1,3,1,1,1,24,32416.835662990565,32518.36758526213,True
6,1,3,1,1,1,24,32423.40633179879,32530.904512119378,True
5,1,0,1,1,1,24,32426.95916181397,32510.573686037616,True
3,1,5,1,1,1,24,32438.295508974654,32539.82156816632,True
0,1,2,1,1,1,24,32445.90928514434,32511.613994912223,True
4,1,2,1,1,1,24,32448.27288901535,32537.86505077717,True
6,1,4,1,1,1,24,32456.766418205985,32570.236719655495,True
5,1,2,1,1,1,24,32457.94802408252,32553.507480338114,True
1,1,2,1,1,1,24,32459.487950486837,32531.165815688168,True
4,0,3,1,1,1,24,32462.64806348615,32558.218550421258,True
6,0,3,1,1,1,24,32462.733303113884,32570.237691401428,True
4,1,0,1,1,1,24,32463.251368785946,32540.897908979525,True
5,1,4,1,1,1,24,32465.817698007617,32573.32208629516,True
2,1,5,1,1,1,24,32468.75652762031,32564.310465683055,True
0,1,1,1,1,1,24,32471.56440241931,32531.299402059554,True
5,1,1,1,1,1,24,32485.525018273373,32575.11200851299,True
6,1,2,1,1,1,24,32492.509805353948,32594.035864545614,True
3,1,0,1,1,1,24,32518.630973231055,32590.308838432386,True
3,1,3,1,1,1,24,32519.111098543064,32608.703260304886,True
2,1,4,1,1,1,24,32536.285883438315,32625.872873677934,True
4,1,6,1,1,1,24,32559.41022292325,32672.87396925798,True
2,1,0,1,1,1,24,32567.10101263949,32632.809512243763,True
1,1,4,1,1,1,24,32573.897899013027,32657.512423236672,True
6,1,5,1,1,1,24,32576.964603796543,32696.407026374975,True
2,1,6,1,1,1,24,32580.46736553079,32681.98755961976,True
4,1,3,1,1,1,24,32595.19863501809,32690.76360756403,True
4,1,4,1,1,1,24,32631.469796588513,32733.00171886008,True
1,2,1,1,1,1,24,32642.437041211593,32708.141750979477,True
1,1,0,1,1,1,24,32646.363611736102,32706.10205549555,True
0,0,1,1,1,1,24,32661.59729744713,32721.335741206578,True
6,2,3,1,1,1,24,32721.61726560384,32829.10923581569,True
3,2,2,1,1,1,24,32726.80814721987,32810.42749819757,True
5,2,2,1,1,1,24,32727.100907283617,32822.65484534636,True
2,1,2,1,1,1,24,32760.62149599218,32838.27251662695,True
1,2,3,1,1,1,24,32804.69248442329,32882.33454263096,True
2,2,4,1,1,1,24,32815.43082753096,32905.01264446478,True
3,2,5,1,1,1,24,32823.658241137935,32925.1784352269,True
6,2,6,1,1,1,24,32840.55940639319,32965.95945734635,True
3,2,1,1,1,1,24,32849.399767281415,32927.04630747499,True
2,2,1,1,1,1,24,32874.96719107714,32946.645056278474,True
5,2,6,1,1,1,24,32889.9593342198,33009.38795417519,True
5,2,5,1,1,1,24,32898.12961470067,33011.593361035404,True
4,2,6,1,1,1,24,32907.96844478777,33021.42563374539,True
4,2,1,1,1,1,24,32909.78664539731,32993.401169620956,True
6,2,4,1,1,1,24,32910.04895013421,33023.51269646894,True
6,2,5,1,1,1,24,32911.46839682251,33030.90391928012,True
3,2,6,1,1,1,24,32922.77188660944,33030.25764456928,True
5,2,4,1,1,1,24,32932.64204774542,33040.14022806601,True
4,2,3,1,1,1,24,32945.90351109475,33041.462967350344,True
1,2,6,1,1,1,24,32983.402471652866,33078.945367617176,True
2,2,6,1,1,1,24,32985.60797027302,33087.1222972351,True
1,2,4,1,1,1,24,32994.53315085302,33078.142846657924,True
2,2,5,1,1,1,24,32995.157225044706,33090.7056430108,True
0,2,6,1,1,1,24,32999.32248439706,33088.8939493636,True
4,2,5,1,1,1,24,33003.104476744316,33110.596446956166,True
3,2,3,1,1,1,24,33006.53407246845,33096.121062708065,True
4,2,4,1,1,1,24,33012.39303255017,33113.91909174184,True
5,2,3,1,1,1,24,33032.16397036803,33133.69002955969,True
0,2,5,1,1,1,24,33063.75687929253,33147.36174501286,True
4,2,2,1,1,1,24,33064.738804451765,33154.32579469138,True
1,2,5,1,1,1,24,33068.35834430257,33157.93498614578,True
2,2,2,1,1,1,24,33089.10435883794,33166.75089903152,True
5,2,1,1,1,1,24,33092.10765742769,33181.68947436151,True
6,2,0,1,1,1,24,33099.76184838523,33189.33849022844,True
3,2,4,1,1,1,24,33102.33779179242,33197.89172985517,True
6,2,1,1,1,1,24,33106.11714971333,33201.665567679425,True
0,2,4,1,1,1,24,33124.88004203464,33202.51761671062,True
6,2,2,1,1,1,24,33130.98247863225,33232.50267272122,True
0,0,0,1,1,1,24,33138.360745339305,33192.12844336288,True
2,2,3,1,1,1,24,33159.63655973543,33243.251083959076,True
5,2,0,1,1,1,24,33234.22406093464,33317.83375673954,True
0,2,1,1,1,1,24,33237.33164681493,33297.06320114937,True
0,1,0,1,1,1,24,33242.76491712173,33296.52951650523,True
0,2,3,1,1,1,24,33249.56934011721,33321.23893230891,True
1,2,2,1,1,1,24,33292.68885202685,33364.362581436304,True
4,2,0,1,1,1,24,33387.524736412626,33465.166794620294,True
0,2,2,1,1,1,24,33513.52926801836,33579.2301866437,True
3,2,0,1,1,1,24,33629.546059707995,33701.21978911745,True
2,2,0,1,1,1,24,33920.166885486484,33985.87159525437,True
1,2,0,1,1,1,24,34542.77155162349,34602.50655126374,True
0,2,0,1,1,1,24,36278.761191173566,36332.522690849786,True
